Model,Variant,Delegate,N,Size_MB,Load_ms,Mean_ms,Median_ms,Min_ms,Max_ms,StdDev_ms,P95_ms,P99_ms,Preprocess_ms,Total_ms,FPS,Throughput,PeakRAM_MB,Energy_per_inf,Variability_%
MobileNetV2,fp32,cpu,20,11.46,12.0,233.35,232.75,214.47,255.07,10.21,249.24,255.07,40.13,273.48,4.29,3.66,336.6,0.000000,4.37
MobileNetV2,float16,cpu,20,5.76,4.1,220.13,224.08,195.98,242.62,13.03,235.29,242.62,39.55,259.68,4.54,3.85,488.3,0.000000,5.92
MobileNetV2,int8,cpu,20,3.34,3.6,210.69,211.57,194.22,232.50,9.68,229.26,232.50,41.29,251.98,4.75,3.97,357.0,0.000000,4.60
ResNet50,fp32,cpu,20,94.12,76.1,425.59,423.98,400.46,467.01,17.14,455.72,467.01,38.85,464.44,2.35,2.15,451.2,0.000000,4.03
ResNet50,float16,cpu,20,47.09,42.7,434.70,431.15,402.21,481.77,19.11,454.91,481.77,39.11,473.81,2.30,2.11,606.0,0.000000,4.40
ResNet50,int8,cpu,20,24.25,22.6,257.25,256.36,237.87,271.02,9.54,269.30,271.02,39.31,296.56,3.89,3.37,530.6,0.000000,3.71
