Model,Variant,Delegate,N,Size_MB,Load_ms,Mean_ms,Median_ms,Min_ms,Max_ms,StdDev_ms,P95_ms,P99_ms,Preprocess_ms,Total_ms,FPS,Throughput,PeakRAM_MB,Energy_per_inf,Variability_%
MobileNetV2,fp32,cpu,20,11.46,18.0,224.68,227.76,190.59,259.50,19.77,252.09,259.50,41.20,265.88,4.45,3.76,938.1,0.000000,8.80
MobileNetV2,float16,cpu,20,5.76,7.2,229.91,231.71,196.76,255.83,14.21,250.89,255.83,40.17,270.08,4.35,3.70,1037.8,0.000000,6.18
MobileNetV2,int8,cpu,20,3.34,5.2,207.05,205.49,191.03,227.96,11.06,226.97,227.96,41.76,248.81,4.83,4.02,950.3,0.000000,5.34
ResNet50,fp32,cpu,20,94.12,74.2,440.70,447.25,393.29,474.47,23.60,470.26,474.47,40.82,481.51,2.27,2.08,1053.1,0.000000,5.36
ResNet50,float16,cpu,20,47.09,43.7,429.04,430.34,401.70,482.31,18.57,454.19,482.31,40.65,469.69,2.33,2.13,1201.3,0.000000,4.33
ResNet50,int8,cpu,20,24.25,22.6,261.82,264.00,245.71,278.76,10.16,275.65,278.76,39.55,301.37,3.82,3.32,1113.9,0.000000,3.88
